MANAME,Zip_count,Population_2014,Population_2019,Population_growth,Affordability_2019,Income_Growth,Weighted_Cost_Change,Affordability_Change,Population_growth_%
Pittsburgh PA,285,2415050.0,2378155.0,-36895.0,0.23491281956075635,0.1835872016514469,0.07995621732681155,-0.055821242165384456,-0.015277116415809196
Syracuse NY,80,720317.0,709499.0,-10818.0,0.22845976510636562,0.16979683072851204,0.03544867453910664,-0.09932047485255904,-0.015018387737621075
Rochester NY,105,1133338.0,1121962.0,-11376.0,0.23832423047395634,0.14135510618541258,0.07808583837646621,-0.048770047143360036,-0.010037605727505828
Toledo OH,64,661736.0,655940.0,-5796.0,0.22759898771179912,0.17899924253566596,0.011475432000888549,-0.13294461547800743,-0.008758779936409685
Hartford-West Hartford-East Hartford CT,81,1194084.0,1184375.0,-9709.0,0.2627946013299732,0.1398482560267153,0.05873397772036958,-0.06299643303983368,-0.008130918762834106
